culture,k_k,k_kʰ,l_l,l_ɬ,p_p,p_pʰ
Asia,0.6666666666666666,0.3333333333333333,0.5,0.5,0,1
Middle East,0.6666666666666666,0.3333333333333333,0.8333333333333334,0.16666666666666666,0.6,0.4
Southern Europe,0,1,0.4,0.6,0,1
Central and Eastern Europe,1,0,1,0,1,0
